{
  "version": 1,
  "author": "wa1tnr - Sun 14 Jan 18:43:37 UTC 2024  ONLINE WW EDIT +pio_setups +compact_schema",
  "editor": "wokwi",
  "parts": [
    { "type": "wokwi-arduino-mega", "id": "mega", "top": 0, "left": 0, "attrs": {} },
    {
      "type": "wokwi-resistor",
      "id": "r1",
      "top": -53,
      "left": 133.85,
      "rotate": 90,
      "attrs": { "value": "1000" }
    },
    {
      "type": "wokwi-resistor",
      "id": "r2",
      "top": -53,
      "left": 153.05,
      "rotate": 90,
      "attrs": { "value": "1000" }
    },
    {
      "type": "wokwi-resistor",
      "id": "r3",
      "top": -53,
      "left": 172.25,
      "rotate": 90,
      "attrs": { "value": "1000" }
    },
    {
      "type": "wokwi-resistor",
      "id": "r4",
      "top": -53,
      "left": 191.45,
      "rotate": 90,
      "attrs": { "value": "1000" }
    },
    {
      "type": "wokwi-resistor",
      "id": "r5",
      "top": -57,
      "left": 210.65,
      "rotate": 90,
      "attrs": { "value": "1000" }
    },
    {
      "type": "wokwi-resistor",
      "id": "r6",
      "top": -57,
      "left": 229.85,
      "rotate": 90,
      "attrs": { "value": "1000" }
    },
    {
      "type": "wokwi-resistor",
      "id": "r7",
      "top": -61,
      "left": 249.05,
      "rotate": 90,
      "attrs": { "value": "1000" }
    },
    { "type": "wokwi-led", "id": "led1", "top": -144, "left": 120, "attrs": { "color": "orange" } },
    { "type": "wokwi-led", "id": "led2", "top": -144, "left": 140, "attrs": { "color": "yellow" } },
    { "type": "wokwi-led", "id": "led3", "top": -144, "left": 160, "attrs": { "color": "limegreen" } },
    { "type": "wokwi-led", "id": "led4", "top": -144, "left": 180, "attrs": { "color": "red" } },
    {
      "type": "wokwi-led",
      "id": "led5",
      "top": -144,
      "left": 200,
      "attrs": { "color": "orange" }
    },
    {
      "type": "wokwi-led",
      "id": "led6",
      "top": -144,
      "left": 220,
      "attrs": { "color": "yellow" }
    },
    {
      "type": "wokwi-led",
      "id": "led7",
      "top": -144,
      "left": 240,
      "attrs": { "color": "limegreen" }
    }
  ],
  "connections": [
    [ "mega:12", "r1:2", "orange", [ "v-22", "h25.2", "v-26" ] ],

    [ "mega:11", "r2:2", "yellow", [ "v-17", "h36.35" ] ],
    [ "mega:10", "r3:2", "limegreen", [ "v-12", "h46.85" ] ],
    [ "mega:50", "r4:2", "red", [ "h-39", "v-160", "h-82" ] ],
    [ "mega:51", "r5:2", "orange", [ "h27", "v-167", "h-158.85" ] ],
    [ "mega:52", "r6:2", "yellow", [ "h-46", "v-164", "h1" ] ],
    [ "mega:53", "r7:2", "limegreen", [ "h35", "v-181", "h-128.45" ] ],
    [ "r1:1", "led1:A", "orange", [ "v-8.4", "h-9.35" ] ],
    [ "led1:C", "led2:C", "black", [ "v8", "h20" ] ],
    [ "r2:1", "led2:A", "yellow", [ "v-10", "h-9.35" ] ],
    [ "led2:C", "led3:C", "black", [ "v8", "h20" ] ],
    [ "r3:1", "led3:A", "limegreen", [ "h0.15", "v-11.2", "h-19.5" ] ],
    [ "led3:C", "led4:C", "black", [ "v8", "h20" ] ],
    [ "r4:1", "led4:A", "red", [ "h0.94", "v-11.2", "h-20.29" ] ],
    [ "led4:C", "led5:C", "black", [ "v8", "h20" ] ],
    [ "r5:1", "led5:A", "orange", [ "h1.73", "v-11.2", "h-21.08" ] ],
    [ "led5:C", "led6:C", "black", [ "v8", "h20" ] ],
    [ "r6:1", "led6:A", "yellow", [ "h1.73", "v-11.2", "h-21.08" ] ],
    [ "led6:C", "led7:C", "black", [ "v8", "h20" ] ],
    [ "mega:GND.1", "led1:C", "black", [ "v-24", "h16" ] ],
    [ "r7:1", "led7:A", "limegreen", [ "h0", "v-11", "h-9.6" ] ]
  ],
  "dependencies": {}
}