{
  "version": 1,
  "author": "wa1tnr - Sun 14 Jan 08:44:07 UTC 2024 ONLINE ONLY EDIT",
  "editor": "wokwi",
  "parts": [
    { "type": "wokwi-arduino-mega", "id": "mega", "top": 0, "left": 0, "attrs": {} },
    {
      "type": "wokwi-resistor",
      "id": "r1",
      "top": -90,
      "left": 135,
      "rotate": 90,
      "attrs": { "value": "1000" }
    },
    {
      "type": "wokwi-resistor",
      "id": "r2",
      "top": -90,
      "left": 155,
      "rotate": 90,
      "attrs": { "value": "1000" }
    },
    {
      "type": "wokwi-resistor",
      "id": "r3",
      "top": -90,
      "left": 175,
      "rotate": 90,
      "attrs": { "value": "1000" }
    },
    {
      "type": "wokwi-resistor",
      "id": "r4",
      "top": -90,
      "left": 195,
      "rotate": 90,
      "attrs": { "value": "1000" }
    },
    {
      "type": "wokwi-resistor",
      "id": "r5",
      "top": -90,
      "left": 215,
      "rotate": 90,
      "attrs": { "value": "1000" }
    },
    {
      "type": "wokwi-resistor",
      "id": "r6",
      "top": -90,
      "left": 235,
      "rotate": 90,
      "attrs": { "value": "1000" }
    },
    {
      "type": "wokwi-resistor",
      "id": "r7",
      "top": -90,
      "left": 255,
      "rotate": 90,
      "attrs": { "value": "1000" }
    },
    { "type": "wokwi-led", "id": "led1", "top": -265, "left": 120, "attrs": { "color": "red" } },
    { "type": "wokwi-led", "id": "led2", "top": -265, "left": 140, "attrs": { "color": "red" } },
    { "type": "wokwi-led", "id": "led3", "top": -265, "left": 160, "attrs": { "color": "red" } },
    { "type": "wokwi-led", "id": "led4", "top": -265, "left": 180, "attrs": { "color": "red" } },
    { "type": "wokwi-led", "id": "led5", "top": -265, "left": 200, "attrs": { "color": "red" } },
    { "type": "wokwi-led", "id": "led6", "top": -265, "left": 220, "attrs": { "color": "red" } },
    { "type": "wokwi-led", "id": "led7", "top": -265, "left": 240, "attrs": { "color": "cyan" } }
  ],
  "connections": [
    [ "mega:12", "r1:2", "yellow", [ "v-18.6", "h-13.2", "v-19.2", "h39.55" ] ],
    [ "mega:11", "r2:2", "green", [ "v-28.2", "h36.35" ] ],
    [ "mega:10", "r3:2", "yellow", [ "v-18.6", "h46.85" ] ],
    [ "mega:50", "r4:2", "cyan", [ "h-53.8", "v-171.2", "h-82.85" ] ],
    [ "mega:51", "r5:2", "yellow", [ "h32.2", "v-180.8", "h-158.85" ] ],
    [ "mega:52", "r6:2", "orange", [ "h-73", "v-171.1", "h-23.65" ] ],
    [ "mega:53", "r7:2", "blue", [ "h41.8", "v-199.9", "h-128.45" ] ],
    [ "mega:GND.1", "led1:C", "black", [ "v-20", "h-10", "v-27.4", "h26" ] ],
    [ "r1:1", "led1:A", "yellow", [ "v-8.4", "h-9.35" ] ],
    [ "led1:C", "led2:C", "black", [ "v17.4", "h20" ] ],
    [ "r2:1", "led2:A", "green", [ "v-8.4", "h-9.35" ] ],
    [ "led2:C", "led3:C", "black", [ "v17.4", "h20" ] ],
    [ "r3:1", "led3:A", "yellow", [ "h0.15", "v-19.6", "h-19.5" ] ],
    [ "led3:C", "led4:C", "black", [ "v17.4", "h20" ] ],
    [ "r4:1", "led4:A", "green", [ "h0.94", "v-29.2", "h-20.29" ] ],
    [ "led4:C", "led5:C", "black", [ "v17.4", "h20" ] ],
    [ "r5:1", "led5:A", "yellow", [ "h1.73", "v-38.8", "h-21.08" ] ],
    [ "led5:C", "led6:C", "black", [ "v17.4", "h20" ] ],
    [ "r6:1", "led6:A", "yellow", [ "h1.73", "v-48.4", "h-21.08" ] ],
    [ "led6:C", "led7:C", "black", [ "v17.4", "h20" ] ],
    [ "r7:1", "led7:A", "yellow", [ "h1.73", "v-58", "h-21.08" ] ]
  ],
  "dependencies": {}
}